{"fileType":"apogee app js workspace","version":"0.60","references":{"viewState":{"treeState":-1,"lists":{"npm module":{"treeState":0}}}},"code":{"model":{"fileType":"apogee model","version":0.3,"name":"ReflectWorkspace","children":{"main":{"name":"main","type":"apogee.Folder","children":{"output":{"name":"output","type":"apogee.JsonMember","updateData":{"argList":[],"functionBody":"return { queryParams, headers, body }","supplementalCode":""}},"body":{"name":"body","type":"apogee.JsonMember","updateData":{"data":"xxx"}},"queryParams":{"name":"queryParams","type":"apogee.JsonMember","updateData":{"data":""}},"headers":{"name":"headers","type":"apogee.JsonMember","updateData":{"data":""}}}}}},"components":{"main":{"type":"apogeeapp.PageComponent","data":{"doc":{"type":"doc","content":[{"type":"heading1","content":[{"type":"text","text":"Reflector Test"}]},{"type":"paragraph","content":[{"type":"text","text":"This workspace just returns the body sent in."}]},{"type":"apogeeComponent","attrs":{"name":"queryParams","id":0,"state":""}},{"type":"paragraph","content":[{"type":"text","text":"These are headers. (Only specified headers are saved here.)"}]},{"type":"apogeeComponent","attrs":{"name":"headers","id":0,"state":""}},{"type":"paragraph","content":[{"type":"text","text":"This is the input body value:"}]},{"type":"apogeeComponent","attrs":{"name":"body","id":0,"state":""}},{"type":"paragraph","content":[{"type":"text","text":"This is the output."}]},{"type":"apogeeComponent","attrs":{"name":"output","id":0,"state":""}}]}},"children":{"output":{"type":"apogeeapp.JsonCell","dataView":"Colorized","viewState":{"childDisplayState":{"views":{"Data":{"isViewActive":true,"height":280},"Formula":{"isViewActive":true,"height":7000},"Private":{"isViewActive":false}}}}},"body":{"type":"apogeeapp.JsonCell","dataView":"Colorized","viewState":{"childDisplayState":{"views":{"Data":{"isViewActive":true,"height":280},"Formula":{"isViewActive":false},"Private":{"isViewActive":false}}}}},"queryParams":{"type":"apogeeapp.JsonCell","dataView":"Colorized","viewState":{"childDisplayState":{"views":{"Data":{"isViewActive":true,"height":280},"Formula":{"isViewActive":false},"Private":{"isViewActive":false}}}}},"headers":{"type":"apogeeapp.JsonCell","dataView":"Colorized","viewState":{"childDisplayState":{"views":{"Data":{"isViewActive":true,"height":280},"Formula":{"isViewActive":false},"Private":{"isViewActive":false}}}}}},"viewState":{"childDisplayState":null,"treeState":-1,"tabOpened":true,"tabShowing":true}},"viewState":{"treeState":1}}},"viewState":{"treeState":1}}