{
	"workspaces": {
		"simple": {
			"source": "deploy/SimpleWorkspace.json",
			"endpoints": {
				"processnumber": {
					"inputs": {
						"body": "main.inputBody",
						"queryParams": "main.inputParams"
					},
					"output": "main.outputNumber"
				}
			}
		},
		"altsimple": {
			"source": "deploy/AltSimpleWorkspace.json",
			"endpoints": {
				"processnumber": {
					"inputs": {
						"body": "main.inputBody",
						"queryParams": "main.inputParams"
					},
					"output": "main.outputNumber"
				},
				"processbodyonly": {
					"inputs": {
						"body": "main.inputBody"
					},
					"output": "main.outputNumber"
				},
				"maxinput": {
					"output": "main.MAX_INPUT_VALUE"
				},
				"noout": {
					"inputs": {
						"queryParams": "main.inputParams"
					}
				}
			}
		},
		"reflect": {
			"source": "deploy/ReflectWorkspace.json",
			"endpoints": {
				"basic": {
					"inputs": {
						"body": "main.input"
					},
					"output": "main.output"

				}
			}
		}
	}
}