{"fileType":"apogee app js workspace","version":"0.60","references":{"viewState":{"treeState":-1,"lists":{"es module":{"treeState":0},"js link":{"treeState":0},"css link":{"treeState":0}}}},"code":{"model":{"fileType":"apogee model","version":0.3,"name":"Workspace","children":{"Main":{"name":"Main","type":"apogee.Folder","children":{"outputNumber":{"name":"outputNumber","type":"apogee.JsonMember","updateData":{"argList":[],"functionBody":"var data = {};\nvar key = ((inputParams)&&(inputParams.key)) ? inputParams.key : \"defaultKey\"\ndata[key] = intermediateTable * 2;\nreturn data;","supplementalCode":""}},"intermediateTable":{"name":"intermediateTable","type":"apogee.JsonMember","updateData":{"argList":[],"functionBody":"return new Promise( (resolve,reject) => {\n    setTimeout( () => resolve(inputBody.value),delayMs);\n});","supplementalCode":""}},"inputParams":{"name":"inputParams","type":"apogee.JsonMember","updateData":{"data":{"key":"horse"}}},"inputBody":{"name":"inputBody","type":"apogee.JsonMember","updateData":{"data":{"value":4}}},"DUMMY":{"name":"DUMMY","type":"apogee.JsonMember","updateData":{"argList":[],"functionBody":"return 34;","supplementalCode":""}},"delayMs":{"name":"delayMs","type":"apogee.JsonMember","updateData":{"argList":[],"functionBody":"if((inputParams)&&(inputParams.delay)) {\n    return inputParams.delay;\n}\nelse {\n    //default delay\n    return 3000;\n}","supplementalCode":""}}}}}},"components":{"Main":{"type":"apogeeapp.PageComponent","data":{"doc":{"type":"doc","content":[{"type":"paragraph","content":[{"type":"text","text":" "}]},{"type":"apogeeComponent","attrs":{"name":"outputNumber","id":0,"state":""}},{"type":"paragraph","content":[{"type":"text","text":" "}]},{"type":"apogeeComponent","attrs":{"name":"intermediateTable","id":0,"state":""}},{"type":"paragraph","content":[{"type":"text","text":" "}]},{"type":"apogeeComponent","attrs":{"name":"delayMs","id":0,"state":""}},{"type":"paragraph"},{"type":"apogeeComponent","attrs":{"name":"inputParams","id":0,"state":""}},{"type":"paragraph","content":[{"type":"text","text":" "}]},{"type":"apogeeComponent","attrs":{"name":"inputBody","id":0,"state":""}},{"type":"paragraph","content":[{"type":"text","text":" "}]},{"type":"apogeeComponent","attrs":{"name":"DUMMY","id":0,"state":""}},{"type":"paragraph","content":[{"type":"text","text":" "}]}]}},"children":{"outputNumber":{"type":"apogeeapp.JsonCell","dataView":"Colorized","viewState":{"childDisplayState":{"views":{"Data":{"isViewActive":true,"height":280},"Formula":{"isViewActive":true,"height":7000},"Private":{"isViewActive":false}}}}},"intermediateTable":{"type":"apogeeapp.JsonCell","dataView":"Colorized","viewState":{"childDisplayState":{"views":{"Data":{"isViewActive":true,"height":280},"Formula":{"isViewActive":true,"height":7000},"Private":{"isViewActive":false}}}}},"inputParams":{"type":"apogeeapp.JsonCell","dataView":"Colorized","viewState":{"childDisplayState":{"views":{"Data":{"isViewActive":true,"height":280},"Formula":{"isViewActive":true,"height":7000},"Private":{"isViewActive":false}}}}},"inputBody":{"type":"apogeeapp.JsonCell","dataView":"Colorized","viewState":{"childDisplayState":{"views":{"Data":{"isViewActive":true,"height":280},"Formula":{"isViewActive":true,"height":7000},"Private":{"isViewActive":false}}}}},"DUMMY":{"type":"apogeeapp.JsonCell","dataView":"Colorized","viewState":{"childDisplayState":{"views":{"Data":{"isViewActive":true,"height":280},"Formula":{"isViewActive":true,"height":7000},"Private":{"height":7000,"isViewActive":false}}}}},"delayMs":{"type":"apogeeapp.JsonCell","dataView":"Colorized","viewState":{"childDisplayState":{"views":{"Data":{"isViewActive":true,"height":280},"Formula":{"isViewActive":true,"height":7000},"Private":{"isViewActive":false}}}}}},"viewState":{"childDisplayState":null,"treeState":-1,"tabOpened":true,"tabShowing":true}},"viewState":{"treeState":1}}},"viewState":{"treeState":1}}